id,focus,signal,slack,drag,confidence,score,lane,kind,invariant
g001,trust boundary,100,44,27,20,303,ship,baseline,monotonic-signal
g002,claim drift,116,31,39,72,406,ship,edge,drag-penalty
g003,replay exposure,83,27,5,30,321,ship,recovery,confidence-floor
g004,policy width,70,27,31,86,316,ship,negative,lane-boundary
g005,trust boundary,67,65,4,75,404,ship,baseline,monotonic-signal
g006,claim drift,69,51,34,74,304,ship,edge,drag-penalty
g007,replay exposure,74,47,8,35,315,ship,recovery,confidence-floor
g008,policy width,36,47,18,63,227,ship,negative,lane-boundary
g009,trust boundary,64,15,24,82,299,ship,baseline,monotonic-signal
g010,claim drift,82,71,29,96,422,ship,edge,drag-penalty
g011,replay exposure,94,32,12,64,406,ship,recovery,confidence-floor
g012,policy width,104,50,5,96,539,ship,negative,lane-boundary
g013,trust boundary,68,26,18,30,236,ship,baseline,monotonic-signal
g014,claim drift,98,52,32,88,426,ship,edge,drag-penalty
g015,replay exposure,116,32,19,78,479,ship,recovery,confidence-floor
g016,policy width,41,25,14,78,262,ship,negative,lane-boundary
g017,trust boundary,51,24,13,82,302,ship,baseline,monotonic-signal
g018,claim drift,103,61,35,89,443,ship,edge,drag-penalty
g019,replay exposure,45,47,6,97,358,ship,recovery,confidence-floor
g020,policy width,107,42,14,105,531,ship,negative,lane-boundary
g021,trust boundary,98,42,40,71,358,ship,baseline,monotonic-signal
g022,claim drift,53,45,34,29,160,watch,edge,drag-penalty
g023,replay exposure,78,49,32,85,357,ship,recovery,confidence-floor
g024,policy width,50,18,12,74,280,ship,negative,lane-boundary
g025,trust boundary,39,50,24,73,241,ship,baseline,monotonic-signal
g026,claim drift,81,24,32,34,239,ship,edge,drag-penalty
g027,replay exposure,106,13,16,62,407,ship,recovery,confidence-floor
g028,policy width,78,10,31,81,313,ship,negative,lane-boundary
g029,trust boundary,67,11,19,95,345,ship,baseline,monotonic-signal
g030,claim drift,109,49,35,63,397,ship,edge,drag-penalty
g031,replay exposure,46,36,45,95,229,ship,recovery,confidence-floor
g032,policy width,53,32,9,29,222,ship,negative,lane-boundary
g033,trust boundary,69,32,14,87,371,ship,baseline,monotonic-signal
g034,claim drift,36,70,39,77,215,ship,edge,drag-penalty
g035,replay exposure,111,56,32,77,447,ship,recovery,confidence-floor
g036,policy width,108,52,45,81,403,ship,negative,lane-boundary
g037,trust boundary,110,52,17,88,507,ship,baseline,monotonic-signal
g038,claim drift,115,20,4,96,545,ship,edge,drag-penalty
g039,replay exposure,77,76,41,104,392,ship,recovery,confidence-floor
g040,policy width,105,37,40,70,372,ship,negative,lane-boundary
g041,trust boundary,35,55,20,28,156,watch,baseline,monotonic-signal
g042,claim drift,47,31,33,84,241,ship,edge,drag-penalty
g043,replay exposure,57,57,41,73,251,ship,recovery,confidence-floor
g044,policy width,109,37,25,72,433,ship,negative,lane-boundary
g045,trust boundary,51,30,19,33,192,watch,baseline,monotonic-signal
g046,claim drift,69,29,17,61,307,ship,edge,drag-penalty
g047,replay exposure,82,66,39,80,355,ship,recovery,confidence-floor
g048,policy width,92,52,9,94,489,ship,negative,lane-boundary
g049,trust boundary,56,47,17,62,288,ship,baseline,monotonic-signal
g050,claim drift,86,47,43,94,364,ship,edge,drag-penalty
g051,replay exposure,60,50,16,28,238,ship,recovery,confidence-floor
g052,policy width,51,54,4,86,367,ship,negative,lane-boundary
g053,trust boundary,94,23,20,76,397,ship,baseline,monotonic-signal
g054,claim drift,31,55,30,76,210,ship,edge,drag-penalty
g055,replay exposure,91,29,36,80,354,ship,recovery,confidence-floor
g056,policy width,80,18,41,87,309,ship,negative,lane-boundary
g057,trust boundary,34,15,24,95,235,ship,baseline,monotonic-signal
g058,claim drift,59,16,17,103,348,ship,edge,drag-penalty
g059,replay exposure,31,54,30,69,195,watch,recovery,confidence-floor
g060,policy width,108,41,44,27,287,ship,negative,lane-boundary
g061,trust boundary,62,37,31,83,296,ship,baseline,monotonic-signal
g062,claim drift,87,37,26,72,364,ship,edge,drag-penalty
g063,replay exposure,94,75,25,71,424,ship,recovery,confidence-floor
g064,policy width,110,61,5,32,440,ship,negative,lane-boundary
g065,trust boundary,77,57,18,60,354,ship,baseline,monotonic-signal
g066,claim drift,64,57,26,79,329,ship,edge,drag-penalty
g067,replay exposure,61,25,10,93,364,ship,recovery,confidence-floor
g068,policy width,63,11,4,61,310,ship,negative,lane-boundary
g069,trust boundary,68,42,44,93,300,ship,baseline,monotonic-signal
g070,claim drift,30,60,24,27,132,watch,edge,drag-penalty
g071,replay exposure,58,36,36,85,272,ship,recovery,confidence-floor
g072,policy width,76,62,44,75,308,ship,negative,lane-boundary
g073,trust boundary,88,42,28,75,372,ship,baseline,monotonic-signal
g074,claim drift,98,35,43,79,358,ship,edge,drag-penalty
g075,replay exposure,62,34,31,86,299,ship,recovery,confidence-floor
g076,policy width,92,71,5,94,520,ship,negative,lane-boundary
g077,trust boundary,110,57,15,102,546,ship,baseline,monotonic-signal
g078,claim drift,35,52,21,68,230,ship,edge,drag-penalty
g079,replay exposure,45,52,26,26,161,watch,recovery,confidence-floor
g080,policy width,97,55,9,82,483,ship,negative,lane-boundary
g081,trust boundary,39,59,44,71,186,watch,baseline,monotonic-signal
g082,claim drift,101,28,15,70,426,ship,edge,drag-penalty
g083,replay exposure,92,60,29,31,311,ship,recovery,confidence-floor
g084,policy width,47,34,16,59,245,ship,negative,lane-boundary
g085,trust boundary,72,23,11,78,362,ship,baseline,monotonic-signal
g086,claim drift,44,20,10,92,306,ship,edge,drag-penalty
g087,replay exposure,33,21,32,60,144,watch,recovery,confidence-floor
g088,policy width,75,59,45,92,333,ship,negative,lane-boundary
g089,trust boundary,100,46,11,26,365,ship,baseline,monotonic-signal
g090,claim drift,72,42,37,84,315,ship,edge,drag-penalty
g091,replay exposure,61,42,31,74,280,ship,recovery,confidence-floor
g092,policy width,103,10,29,74,380,ship,negative,lane-boundary
g093,trust boundary,40,66,9,78,315,ship,baseline,monotonic-signal
g094,claim drift,47,62,21,85,310,ship,edge,drag-penalty
g095,replay exposure,63,62,29,93,350,ship,recovery,confidence-floor
g096,policy width,30,30,13,101,283,ship,negative,lane-boundary
